id,first_name,last_name,email,gender,phoneNumber
1,Orv,Berthe,oberthe0@github.com,Male,600-313-9112
1,Orv,Berthe,oberthe0@github.com,Male,785-340-0102
2,Judi,Grennan,jgrennan1@etsy.com,Female,599-555-3825
2,Judi,Grennan,ljowitt2@ebay.com,Female,599-555-3825
3,Lamar,Jowitt,test@gmail.com,Male,365-348-3433
4,Torrin,Goggey,tgoggey3@hc360.com,Male,
5,Sile,Rowles,srowles4@ed.gov,Female,698-652-6488
5,Sile,Rowles,srowles4@ed.gov,Female,556-537-2431
5,Sile,Rowles,nwhitsey6@ehow.com,Female,698-652-6488
5,Sile,Rowles,nwhitsey6@ehow.com,Female,556-537-2431
5,Sile,Rowles,ljellett7@wikispaces.com,Female,698-652-6488
5,Sile,Rowles,ljellett7@wikispaces.com,Female,556-537-2431
6,Adore,Dutson,adutson5@craigslist.org,Female,116-506-1114
7,Nolana,Whitsey,fake@email.org,Female,556-537-2431
8,Loralie,Jellett,ljellett7@wikispaces.com,Female,295-989-6590
8,Loralie,Jellett,ljellett7@wikispaces.com,Female,597-377-7050
8,Loralie,Jellett,ljellett7@wikispaces.com,Female,454-313-8702
8,Loralie,Jellett,ljellett7@wikispaces.com,Female,116-506-1114
9,Peggi,Quittonden,pquittonden8@smugmug.com ,Genderfluid,454-313-8702
10,Marius,Heaphy,mheaphy9@google.pl,Male,597-377-7050
